#### 3.1 视图 View

视图是由select生成的虚拟表，使用视图的原因有：

1. 通过定义视图可以将频繁使用的SELECT语句保存以提高效率。
2. 通过定义视图可以使用户看到的数据更加清晰。
3. 通过定义视图可以不对外公开数据表全部字段，增强数据的保密性。
4. 通过定义视图可以降低数据的冗余

##### 3.1.1 Create/Drop

视图可由表创建，也可由其他视图创建，也可基于表和视图共同创建。例子：

```sql
CREATE VIEW view_shop_product(product_type, sale_price, shop_name)
AS
SELECT product_type, sale_price, shop_name
  FROM product,
       shop_product
 WHERE product.product_id = shop_product.product_id;
```

##### 3.1.2 Alter 

修改视图结构的基本语法如下：

```sql
ALTER VIEW <视图名> AS <SELECT语句>
```

##### 3.1.3 Update

对于一个视图来说，如果包含以下结构的任意一种都是不可以被更新的：

- 聚合函数 SUM()、MIN()、MAX()、COUNT() 等。
- DISTINCT 关键字。
- GROUP BY 子句。
- HAVING 子句。
- UNION 或 UNION ALL 运算符。
- FROM 子句中包含多个表。

例子：

```sql
UPDATE productsum
   SET sale_price = '5000'
 WHERE product_type = '办公用品';
```

#### 3.2 子查询

子查询指一个查询语句嵌套在另一个查询语句内部的查询，这个特性从 MySQL 4.1 开始引入，在 SELECT 子句中先计算子查询，子查询结果作为外层另一个查询的过滤条件，查询可以基于一个表或者多个表。

##### 3.2.1 嵌套子查询

与在视图上再定义视图类似，子查询也没有具体的限制，例如我们可以这样

```sql
SELECT product_type, cnt_product
FROM (SELECT *
        FROM (SELECT product_type, 
                      COUNT(*) AS cnt_product
                FROM product 
               GROUP BY product_type) AS productsum
       WHERE cnt_product = 4) AS productsum2;
```

其中最内层的子查询我们将其命名为productSum，这条语句根据product_type分组并查询个数，第二层查询中将个数为4的商品查询出来，最外层查询product_type和cnt_product两列。
虽然嵌套子查询可以查询出结果，但是随着子查询嵌套的层数的叠加，SQL语句不仅会难以理解而且执行效率也会很差，所以要尽量避免这样的使用。

##### 3.2.2 标量子查询

返回表中具体的某一行的某一列，例如：

让我们看如何通过标量子查询语句查询出销售单价高于平均销售单价的商品。

```sql
SELECT product_id, product_name, sale_price
  FROM product
 WHERE sale_price > (SELECT AVG(sale_price) FROM product);
```

上面的这条语句首先后半部分查询出product表中的平均售价，前面的sql语句在根据WHERE条件挑选出合适的商品。

由于标量子查询的特性，导致标量子查询不仅仅局限于 WHERE 子句中，通常任何可以使用单一值的位置都可以使用。也就是说， 能够使用常数或者列名的地方，无论是 SELECT 子句、GROUP BY 子句、HAVING 子句，还是 ORDER BY 子句，几乎所有的地方都可以使用。

我们还可以这样使用标量子查询：

```sql
SELECT product_id,
       product_name,
       sale_price,
       (SELECT AVG(sale_price)
          FROM product) AS avg_price
  FROM product;
```

##### 3.2.3 关联子查询

关联子查询就是通过一些标志将内外两层的查询连接起来起到过滤数据的目的，一个例子：

```sql
SELECT product_type, product_name, sale_price
  FROM product AS p1
 WHERE sale_price > (SELECT AVG(sale_price)
                       FROM product AS p2
                      WHERE p1.product_type = p2.product_type
                      GROUP BY product_type);
```

我们再来看一下这个需求：`选取出各商品种类中高于该商品种类的平均销售单价的商品`。SQL语句如下：

```sql
SELECT product_type, product_name, sale_price
  FROM product AS p1
 WHERE sale_price > (SELECT AVG(sale_price)
                       FROM product AS p2
                      WHERE p1.product_type =p2.product_type
                      GROUP BY product_type);
```

#### 3.3 函数

函数大致分为如下几类：

- 算术函数 （用来进行数值计算的函数）
- 字符串函数 （用来进行字符串操作的函数）
- 日期函数 （用来进行日期操作的函数）
- 转换函数 （用来转换数据类型和值的函数）
- 聚合函数 （用来进行数据聚合的函数）

#### 3.3.1 算数函数

+, -, *, /, ABS(), MOD(), ROUND()

#### 3.3.2 字符串函数

- CONCAT – 拼接

语法：`CONCAT(str1, str2, str3)`

MySQL中使用 CONCAT 函数进行拼接。

- LENGTH – 字符串长度

语法：`LENGTH( 字符串 )`

- LOWER – 小写转换

LOWER 函数只能针对英文字母使用，它会将参数中的字符串全都转换为小写。该函数不适用于英文字母以外的场合，不影响原本就是小写的字符。

类似的， UPPER 函数用于大写转换。

- REPLACE – 字符串的替换

语法：`REPLACE( 对象字符串，替换前的字符串，替换后的字符串 )`

- SUBSTRING – 字符串的截取

语法：SUBSTRING （对象字符串 FROM 截取的起始位置 FOR 截取的字符数）

- SUBSTRING_INDEX – 字符串按索引截取

语法：`SUBSTRING_INDEX (原始字符串， 分隔符，n)`

该函数用来获取原始字符串按照分隔符分割后，第 n 个分隔符之前（或之后）的子字符串，支持正向和反向索引，索引起始值分别为 1 和 -1。

#### 3.3.3 日期时间函数 

- CURRENT_DATE – 获取当前日期

```sql
SELECT CURRENT_DATE;
+--------------+
| CURRENT_DATE |
+--------------+
| 2020-08-08   |
+--------------+
1 row in set (0.00 sec)
```

- CURRENT_TIME – 当前时间

```sql
SELECT CURRENT_TIME;
+--------------+
| CURRENT_TIME |
+--------------+
| 17:26:09     |
+--------------+
1 row in set (0.00 sec)
```

- CURRENT_TIMESTAMP – 当前日期和时间

```sql
SELECT CURRENT_TIMESTAMP;
+---------------------+
| CURRENT_TIMESTAMP   |
+---------------------+
| 2020-08-08 17:27:07 |
+---------------------+
1 row in set (0.00 sec)
```

- EXTRACT – 截取日期元素

语法：`EXTRACT(日期元素 FROM 日期)`

使用 EXTRACT 函数可以截取出日期数据中的一部分，例如“年”

“月”，或者“小时”“秒”等。该函数的返回值并不是日期类型而是数值类型

```sql
SELECT CURRENT_TIMESTAMP as now,
EXTRACT(YEAR   FROM CURRENT_TIMESTAMP) AS year,
EXTRACT(MONTH  FROM CURRENT_TIMESTAMP) AS month,
EXTRACT(DAY    FROM CURRENT_TIMESTAMP) AS day,
EXTRACT(HOUR   FROM CURRENT_TIMESTAMP) AS hour,
EXTRACT(MINUTE FROM CURRENT_TIMESTAMP) AS MINute,
EXTRACT(SECOND FROM CURRENT_TIMESTAMP) AS second;
+---------------------+------+-------+------+------+--------+--------+
| now                 | year | month | day  | hour | MINute | second |
+---------------------+------+-------+------+------+--------+--------+
| 2020-08-08 17:34:38 | 2020 |     8 |    8 |   17 |     34 |     38 |
+---------------------+------+-------+------+------+--------+--------+
1 row in set (0.00 sec)
```

#### 3.3.4 转换函数

“转换”这个词的含义非常广泛，在 SQL 中主要有两层意思：一是数据类型的转换，简称为类型转换，在英语中称为`cast`；另一层意思是值的转换。

- CAST – 类型转换

语法：`CAST（转换前的值 AS 想要转换的数据类型）`

```sql
-- 将字符串类型转换为数值类型
SELECT CAST('0001' AS SIGNED INTEGER) AS int_col;
+---------+
| int_col |
+---------+
|       1 |
+---------+
1 row in set (0.00 sec)
-- 将字符串类型转换为日期类型
SELECT CAST('2009-12-14' AS DATE) AS date_col;
+------------+
| date_col   |
+------------+
| 2009-12-14 |
+------------+
1 row in set (0.00 sec)
```

- COALESCE – 将NULL转换为其他值

语法：`COALESCE(数据1，数据2，数据3……)`

COALESCE 是 SQL 特有的函数。该函数会返回可变参数 A 中左侧开始第 1个不是NULL的值。参数个数是可变的，因此可以根据需要无限增加。

在 SQL 语句中将 NULL 转换为其他值时就会用到转换函数。

```sql
SELECT COALESCE(NULL, 11) AS col_1,
COALESCE(NULL, 'hello world', NULL) AS col_2,
COALESCE(NULL, NULL, '2020-11-01') AS col_3;
+-------+-------------+------------+
| col_1 | col_2       | col_3      |
+-------+-------------+------------+
|    11 | hello world | 2020-11-01 |
+-------+-------------+------------+
1 row in set (0.00 sec)
```

#### 3.4 谓词

谓词就是返回值为真值的函数。包括`TRUE / FALSE / UNKNOWN`。

- LIKE 

  % 代表一个或多个任意字符，下划线代表一个任意字符：

  ```sql
  like(xxx%)
  like(%xxx)
  like(_xxx)
  like(xxx_)
  ```

- BETWEEN (xxx and xxx, 闭区间)

- IS NULL、IS NOT NULL (can not use '=')

- IN/NOT IN

- ```sql
  SELECT product_name, purchase_price
  FROM product
  WHERE purchase_price IN (320, 500, 5000);
  +--------------+----------------+
  | product_name | purchase_price |
  +--------------+----------------+
  | T恤          |            500 |
  | 打孔器       |            320 |
  | 高压锅       |           5000 |
  +--------------+----------------+
  3 rows in set (0.00 sec)
  ```

  

- EXISTS

  EXIST 谓词的用法理解起来有些难度。

  ① EXIST 的使用方法与之前的都不相同

  ② 语法理解起来比较困难

  ③ 实际上即使不使用 EXIST，基本上也都可以使用 IN（或者 NOT IN）来代替

  这么说的话，还有学习 EXIST 谓词的必要吗？答案是肯定的，因为一旦能够熟练使用 EXIST 谓词，就能体会到它极大的便利性。

  不过，你不用过于担心，本课程介绍一些基本用法，日后学习时可以多多留意 EXIST 谓词的用法，以期能够在达到 SQL 中级水平时掌握此用法。

#### 3.5 Case

```sql
CASE WHEN <求值表达式> THEN <表达式>
     WHEN <求值表达式> THEN <表达式>
     WHEN <求值表达式> THEN <表达式>
     .
     .
     .
ELSE <表达式>
END  
```

ELSE 子句也可以省略不写，这时会被默认为 ELSE NULL。但为了防止有人漏读，还是希望大家能够显示地写出 ELSE 子句。
此外， CASE 表达式最后的“END”是不能省略的，请大家特别注意不要遗漏。忘记书写 END 会发生语法错误，这也是初学时最容易犯的错误。

##### CASE表达式的使用方法

假设现在 要实现如下结果：

```nohighlight
A ：衣服
B ：办公用品
C ：厨房用具  
```

因为表中的记录并不包含“A ： ”或者“B ： ”这样的字符串，所以需要在 SQL 中进行添加。并将“A ： ”“B ： ”“C ： ”与记录结合起来。

- 应用场景1：根据不同分支得到不同列值

```sql
SELECT  product_name,
        CASE WHEN product_type = '衣服' THEN CONCAT('A ： ',product_type)
             WHEN product_type = '办公用品'  THEN CONCAT('B ： ',product_type)
             WHEN product_type = '厨房用具'  THEN CONCAT('C ： ',product_type)
             ELSE NULL
        END AS abc_product_type
  FROM  product;
+--------------+------------------+
| product_name | abc_product_type |
+--------------+------------------+
| T恤          | A ： 衣服        |
| 打孔器       | B ： 办公用品    |
| 运动T恤      | A ： 衣服        |
| 菜刀         | C ： 厨房用具    |
| 高压锅       | C ： 厨房用具    |
| 叉子         | C ： 厨房用具    |
| 擦菜板       | C ： 厨房用具    |
| 圆珠笔       | B ： 办公用品    |
+--------------+------------------+
8 rows in set (0.00 sec)
```

ELSE 子句也可以省略不写，这时会被默认为 ELSE NULL。但为了防止有人漏读，还是希望大家能够显示地写出 ELSE 子句。
此外， CASE 表达式最后的“END”是不能省略的，请大家特别注意不要遗漏。忘记书写 END 会发生语法错误，这也是初学时最容易犯的错误。

- 应用场景2：实现列方向上的聚合

通常我们使用如下代码实现行的方向上不同种类的聚合（这里是 sum）

```sql
SELECT product_type,
       SUM(sale_price) AS sum_price
  FROM product
 GROUP BY product_type;  
+--------------+-----------+
| product_type | sum_price |
+--------------+-----------+
| 衣服         |      5000 |
| 办公用品     |       600 |
| 厨房用具     |     11180 |
+--------------+-----------+
3 rows in set (0.00 sec)
```

假如要在列的方向上展示不同种类额聚合值，该如何写呢？

```nohighlight
sum_price_clothes | sum_price_kitchen | sum_price_office
------------------+-------------------+-----------------
             5000 |             11180 |              600  
```

聚合函数 + CASE WHEN 表达式即可实现该效果

```sql
-- 对按照商品种类计算出的销售单价合计值进行行列转换
SELECT SUM(CASE WHEN product_type = '衣服' THEN sale_price ELSE 0 END) AS sum_price_clothes,
       SUM(CASE WHEN product_type = '厨房用具' THEN sale_price ELSE 0 END) AS sum_price_kitchen,
       SUM(CASE WHEN product_type = '办公用品' THEN sale_price ELSE 0 END) AS sum_price_office
  FROM product;
+-------------------+-------------------+------------------+
| sum_price_clothes | sum_price_kitchen | sum_price_office |
+-------------------+-------------------+------------------+
|              5000 |             11180 |              600 |
+-------------------+-------------------+------------------+
1 row in set (0.00 sec)
```

- 应用场景3：实现行转列

假设有如下图表的结构

![3LtdAT7R7SCzdMPL](http://datawhale.club/uploads/default/original/1X/4160714dd8309391ba831b3a5e1c48f801fd1fdb.png)

计划得到如下的图表结构

![4dpP0XrmPlaxr6K8](http://datawhale.club/uploads/default/original/1X/7fdf2b29f24f3f0b957b6c5a6c8c9212a58cc476.png)

聚合函数 + CASE WHEN 表达式即可实现该转换

```sql
-- CASE WHEN 实现数字列 score 行转列
SELECT name,
       SUM(CASE WHEN subject = '语文' THEN score ELSE null END) as chinese,
       SUM(CASE WHEN subject = '数学' THEN score ELSE null END) as math,
       SUM(CASE WHEN subject = '外语' THEN score ELSE null END) as english
  FROM score
 GROUP BY name;
+------+---------+------+---------+
| name | chinese | math | english |
+------+---------+------+---------+
| 张三 |      93 |   88 |      91 |
| 李四 |      87 |   90 |      77 |
+------+---------+------+---------+
2 rows in set (0.00 sec)
```

上述代码实现了数字列 score 的行转列，也可以实现文本列 subject 的行转列

```sql
-- CASE WHEN 实现文本列 subject 行转列
SELECT name,
       MAX(CASE WHEN subject = '语文' THEN subject ELSE null END) as chinese,
       MAX(CASE WHEN subject = '数学' THEN subject ELSE null END) as math,
       MIN(CASE WHEN subject = '外语' THEN subject ELSE null END) as english
  FROM score
 GROUP BY name;
+------+---------+------+---------+
| name | chinese | math | english |
+------+---------+------+---------+
| 张三 | 语文    | 数学 | 外语    |
| 李四 | 语文    | 数学 | 外语    |
+------+---------+------+---------+
2 rows in set (0.00 sec
```

总结：

- 当待转换列为数字时，可以使用`SUM AVG MAX MIN`等聚合函数；
- 当待转换列为文本时，可以使用`MAX MIN`等聚合函数

####



